"";"School";"MatchName";"Building Condition Score";"# Portables";"Right-Sized Capacity";"Enrollment";"% Capacity";"Annual % Change (2010-)";"Annual % Change (2018-)";"Title I";"Female";"Gender X";"Male";"American Indian/ Alaskan Native";"Asian";"Black/ African American";"Hispanic/ Latino of any race(s)";"Native Hawaiian/ Other Pacific Islander";"Two or More Races";"White";"English Language Learners";"Foster Care";"Homeless";"Low-Income";"Migrant";"Military Parent";"Mobile";"Section 504";"Students with Disabilities";"Belonging & Relationships";"College & Career Readiness";"Equity / Anti-racism";"Identity and Culturally Responsive Teaching";"Inclusionary practices";"Literacy";"Math";"Pedagogical Effectiveness";"Positive Behavior & Safety";"Science";"Social Emotional Learning";"Student Voice & Leadership";"Multi-Language Learners";"Highly Capable";"Medically Fragile";"Extended Resource";"Focus";"Distinct";"Socio-economic Disparity Score";"Health Disparity Score";"Foreign Born";"ELL";"POC";"Best";"Still Desirable";"Definitely Declining";"Hazardous"
"1";"Adams  ";"AdamsElementarySchool";2,69;2;396;303;"76.5%";"-2.7%";"-11.8%";"No";"45.9%";"1%";"53.1%";"0.3%";"2.6%";"4%";"9.2%";"0.3%";"12.2%";"71.3%";"6.3%";"0%";"0.3%";"13.9%";"0%";"0%";"0.3%";"5.9%";"14.5%";"86%";"49%";"94%";"79%";"89%";"89%";"75%";"89%";"88%";"59%";"91%";"83%";"No";"No";"No";"No";"Yes";"No";0,32;0,324;"13.6%";"3%";"25.5%";"0.5%";"36.3%";"63.2%";"0%"
"2";"Alki  ";"AlkiElementarySchool";NA;0;330;271;"82.1%";"-2.5%";"-5.9%";"No";"47.2%";"0.7%";"52%";"0%";"3.3%";"2.6%";"10%";"0%";"19.2%";"64.9%";"3.7%";"0%";"1.1%";"13.3%";"0%";"1.1%";"1.1%";"3%";"16.6%";"86%";"61%";"93%";"85%";"92%";"89%";"79%";"94%";"87%";"63%";"93%";"88%";"No";"No";"No";"No";"No";"No";0,387;0,407;"10.6%";"2%";"22.2%";"8.3%";"65.3%";"16.8%";"9.6%"
"3";"Arbor Heights  ";"ArborHeightsElementarySchool";1,21;0;550;514;"93.5%";"4%";"-3.1%";"No";"50.2%";"0.2%";"49.6%";"0.6%";"4.1%";"3.5%";"17.3%";"0%";"11.3%";"63.2%";"5.1%";"0%";"1%";"20.8%";"0%";"0.6%";"0.4%";"3.7%";"17.3%";"86%";"56%";"91%";"82%";"88%";"84%";"72%";"89%";"87%";"64%";"90%";"80%";"No";"No";"No";"Yes";"Yes";"No";0,504;0,621;"12.9%";"6.7%";"34.2%";"0%";"70.6%";"19.6%";"9.8%"
"4";"B F Day  ";"BFDayElementarySchool";3,1;0;352;414;"117.6%";"2.1%";"1.4%";"No";"48.6%";"0.7%";"50.7%";"0.5%";"10.1%";"4.8%";"6%";"0%";"16.9%";"61.6%";"6%";"0%";"1.4%";"15.5%";"0%";"0%";"1.9%";"1.9%";"14%";"80%";"56%";"89%";"76%";"86%";"88%";"74%";"85%";"81%";"67%";"88%";"84%";"No";"No";"No";"Yes";"No";"No";0,292;0,293;"11.7%";"2.7%";"26.5%";"0%";"48.7%";"45.9%";"5.4%"
"5";"Bailey Gatzert  ";"BaileyGatzertElementarySchool";3,34;1;300;363;"121%";"-0.9%";"3.1%";"Yes";"49.9%";"0%";"50.1%";"1.7%";"5.8%";"60.3%";"9.6%";"0.8%";"9.4%";"12.4%";"33.1%";"0%";"9.4%";"80.7%";"0.3%";"1.1%";"2.2%";"2.2%";"15.7%";"85%";"70%";"87%";"79%";"85%";"80%";"83%";"86%";"87%";"73%";"90%";"79%";"No";"No";"No";"No";"Yes";"Yes";0,739;0,622;"23.8%";"11.4%";"55.5%";"0%";"0%";"0%";"100%"
"6";"Beacon Hill International ";"BeaconHillInternationalSchool";3,36;0;360;349;"96.9%";"-2.4%";"-4.4%";"Yes";"49.6%";"0.6%";"49.9%";"0.3%";"31.2%";"4.3%";"33.2%";"0%";"12.9%";"18.1%";"43.3%";"0%";"4.3%";"48.1%";"0%";"0.3%";"0.6%";"5.2%";"12.3%";"82%";"64%";"84%";"81%";"89%";"81%";"86%";"87%";"81%";"73%";"89%";"72%";"No";"No";"No";"No";"No";"No";0,729;0,592;"27.1%";"15.8%";"59.2%";"0%";"9.7%";"8.1%";"82.2%"
"7";"Catharine Blaine K-8 ";"CatharineBlaineK8School";3,57;7;595;441;"74.1%";"-1.9%";"-10.3%";"No";"49.9%";"0.7%";"49.4%";"0%";"10%";"1.6%";"7.3%";"0.2%";"11.6%";"69.4%";"3.2%";"0%";"0.9%";"7.5%";"0%";"0.5%";"0.9%";"6.8%";"17.7%";"88%";"55%";"89%";"71%";"89%";"84%";"75%";"87%";"82%";"56%";"87%";"79%";"No";"No";"No";"No";"No";"No";0,216;0,329;"11.6%";"2%";"22%";"48.3%";"0.3%";"40%";"11.5%"
"8";"Broadview-Thomson K-8 ";"BroadviewThomsonK8School";3,1;3;612;566;"92.5%";"-2.2%";"0%";"Yes";"50.7%";"0.9%";"48.4%";"1.8%";"6.2%";"24.7%";"24.2%";"0.2%";"9.5%";"33.4%";"23.1%";"0%";"3.7%";"56%";"0%";"0.5%";"3.4%";"3.4%";"18.9%";"82%";"60%";"86%";"76%";"90%";"84%";"79%";"86%";"82%";"69%";"87%";"81%";"No";"No";"No";"Yes";"No";"Yes";0,62;0,652;"16.2%";"7.9%";"37.8%";"0%";"0%";"0%";"0%"
"9";"Bryant  ";"BryantElementarySchool";2,7;0;462;484;"104.8%";"-1.1%";"-3.5%";"No";"48.3%";"1.2%";"50.4%";"0%";"13.6%";"0.2%";"5.4%";"0%";"16.3%";"64.5%";"4.1%";"0%";"0.2%";"4.8%";"0%";"0.4%";"0.6%";"3.3%";"6.8%";"86%";"47%";"92%";"79%";"88%";"88%";"76%";"87%";"88%";"61%";"90%";"78%";"No";"No";"No";"No";"No";"No";0,265;0,337;"13%";"3.6%";"30.4%";"0%";"85.9%";"14.1%";"0%"
"10";"Cascadia ";"CascadiaElementary";1,13;0;550;489;"88.9%";"-1.8%";"-1.1%";"No";"42.1%";"0.6%";"57.3%";"0.2%";"20.2%";"3.5%";"8.6%";"0.4%";"18.8%";"48.3%";"0%";"0%";"0.4%";"11%";"0%";"0.8%";"1.4%";"7.6%";"13.3%";"82%";"49%";"90%";"74%";"85%";"89%";"77%";"83%";"85%";"66%";"86%";"76%";"No";"Yes";"No";"No";"No";"No";NA;NA;"0%";"0%";"0%";"0%";"0%";"0%";"0%"
"11";"Cedar Park  ";"CedarParkElementarySchool";2,84;8;154;272;"176.6%";"12.3%";"10.2%";"No";"47.1%";"1.5%";"51.5%";"0%";"18.8%";"7.4%";"10.7%";"0%";"12.9%";"50.4%";"12.5%";"0%";"1.1%";"26.8%";"0%";"0%";"1.1%";"5.9%";"7.7%";"85%";"51%";"91%";"77%";"88%";"88%";"69%";"86%";"80%";"56%";"86%";"77%";"No";"No";"No";"No";"No";"No";0,649;0,668;"21.1%";"9.8%";"44.1%";"0%";"0%";"0%";"0%"
"12";"Concord International ";"ConcordInternationalSchool";2,53;0;320;287;"89.7%";"-3.7%";"-4.5%";"Yes";"48.1%";"0%";"51.9%";"0.3%";"10.5%";"9.4%";"57.8%";"0.7%";"6.6%";"14.6%";"47.4%";"0%";"4.2%";"58.5%";"0%";"0%";"3.5%";"3.5%";"14.6%";"78%";"66%";"82%";"80%";"84%";"77%";"82%";"85%";"79%";"69%";"81%";"74%";"No";"No";"No";"Yes";"No";"No";0,877;0,843;"26.3%";"16.3%";"58.6%";"0%";"0%";"0%";"100%"
"13";"Daniel Bagley  ";"DanielBagleyElementarySchool";NA;0;503;317;"63%";"-1.6%";"-5%";"No";"45.4%";"0.6%";"53.9%";"0%";"6.9%";"6.3%";"14.2%";"0.3%";"12.6%";"59.6%";"14.2%";"0%";"4.1%";"20.5%";"0%";"0.9%";"2.2%";"2.5%";"20.8%";"83%";"58%";"90%";"78%";"87%";"86%";"69%";"86%";"82%";"69%";"88%";"77%";"No";"No";"No";"Yes";"No";"Yes";0,409;0,384;"13.6%";"4.5%";"30.3%";"0%";"100%";"0%";"0%"
"14";"Dearborn Park International ";"DearbornParkInternationalSchool";3,39;0;340;328;"96.5%";"-0.5%";"-1.5%";"Yes";"51.2%";"0.6%";"48.2%";"0.3%";"47.3%";"12.5%";"14.3%";"0.3%";"11.9%";"13.4%";"39.6%";"0%";"2.4%";"48.2%";"0%";"0%";"0.9%";"3.7%";"8.5%";"85%";"71%";"86%";"81%";"84%";"76%";"84%";"84%";"87%";"68%";"90%";"73%";"No";"No";"No";"No";"No";"Yes";0,83;0,663;"47.9%";"32.7%";"80.9%";"0%";"2.8%";"80.4%";"16.7%"
"15";"Stephen Decatur  ";"StephenDecaturElementarySchool";3,42;0;286;188;"65.7%";"-4.3%";"-5.2%";"No";"43.6%";"0%";"56.4%";"0%";"34%";"1.1%";"6.4%";"0%";"23.9%";"34.6%";"1.1%";"0%";"0.5%";"5.9%";"0%";"0%";"0%";"4.3%";"10.6%";"87%";"49%";"94%";"79%";"93%";"90%";"90%";"94%";"91%";"74%";"89%";"86%";"No";"Yes";"No";"No";"No";"No";NA;NA;"0%";"0%";"0%";"0%";"0%";"0%";"0%"
"16";"Dunlap  ";"DunlapElementarySchool";2,63;0;340;248;"72.9%";"-4.2%";"-4.1%";"Yes";"44.8%";"0%";"55.2%";"0.4%";"31%";"25.8%";"24.2%";"0.4%";"10.5%";"7.7%";"41.9%";"0%";"11.7%";"71.4%";"0.4%";"0.8%";"2%";"1.2%";"19.8%";"82%";"75%";"86%";"81%";"87%";"74%";"81%";"84%";"84%";"74%";"88%";"72%";"Yes";"No";"No";"No";"No";"No";0,864;0,753;"33.8%";"21.8%";"77.3%";"0%";"0%";"100%";"0%"
"17";"Emerson  ";"EmersonElementarySchool";2,46;0;340;323;"95%";"0.4%";"-3.5%";"Yes";"52.6%";"0.3%";"47.1%";"0%";"10.8%";"43.7%";"24.1%";"0%";"9%";"12.4%";"35.6%";"0%";"7.7%";"68.7%";"0%";"0.6%";"0.3%";"2.5%";"19.2%";"82%";"77%";"80%";"80%";"81%";"79%";"81%";"83%";"81%";"68%";"85%";"76%";"No";"No";"No";"Yes";"Yes";"No";0,812;0,737;"30.4%";"18.2%";"73.8%";"0%";"13.6%";"86.4%";"0%"
"18";"Fairmount Park  ";"FairmountParkElementarySchool";2,19;0;396;392;"99%";"-2.2%";"-6.4%";"No";"49.2%";"0%";"50.8%";"1%";"9.9%";"7.7%";"10.2%";"1%";"16.3%";"53.8%";"7.7%";"0%";"1%";"22.2%";"0%";"0.5%";"0.3%";"5.6%";"18.9%";"87%";"49%";"91%";"79%";"88%";"85%";"72%";"85%";"86%";"56%";"89%";"82%";"No";"No";"No";"No";"No";"No";0,668;0,586;"16.7%";"6%";"38.3%";"0%";"58.9%";"10.9%";"30.1%"
"19";"Frantz Coe  ";"FrantzCoeElementarySchool";1,83;1;418;447;"106.9%";"0.3%";"-4%";"No";"53.9%";"0%";"46.1%";"0.4%";"11%";"2.2%";"8.7%";"0.2%";"12.5%";"64.9%";"6.3%";"0%";"0.4%";"10.7%";"0%";"0.9%";"0.4%";"4%";"15.7%";"86%";"52%";"94%";"78%";"89%";"89%";"74%";"92%";"87%";"61%";"90%";"80%";"No";"No";"No";"No";"No";"No";0,323;0,35;"14.8%";"2.2%";"30.1%";"2%";"65.5%";"32.5%";"0%"
"20";"Gatewood  ";"GatewoodElementarySchool";2,86;3;330;381;"115.5%";"-2.1%";"-1.3%";"No";"48.6%";"0.3%";"51.2%";"0.8%";"3.1%";"3.7%";"10.5%";"0%";"13.4%";"68.5%";"4.5%";"0%";"0.5%";"14.2%";"0%";"0.5%";"0%";"2.9%";"12.3%";"89%";"60%";"94%";"80%";"89%";"91%";"83%";"90%";"87%";"74%";"89%";"89%";"No";"No";"No";"Yes";"No";"No";0,498;0,559;"13.5%";"6.3%";"32.6%";"5.8%";"89%";"3.8%";"1.4%"
"21";"Genesee Hill ";"GeneseeHillElementary";1,56;0;594;482;"81.1%";"1.2%";"-6.6%";"No";"47.5%";"0.6%";"51.9%";"0.6%";"4.1%";"1.9%";"10.6%";"0%";"14.5%";"68.3%";"5%";"0%";"0%";"10.2%";"0%";"1.9%";"0%";"5.2%";"15.8%";"87%";"59%";"94%";"80%";"90%";"86%";"73%";"88%";"84%";"51%";"90%";"81%";"No";"No";"No";"Yes";"No";"No";0,517;0,454;"12.3%";"3.3%";"26.4%";"0%";"55.5%";"44.5%";"0%"
"22";"Graham Hill  ";"GrahamHillElementarySchool";3,13;3;320;242;"75.6%";"-3.9%";"-6.1%";"Yes";"43%";"0.4%";"56.6%";"0%";"16.1%";"20.2%";"23.1%";"0.8%";"13.2%";"26.4%";"34.7%";"0%";"1.7%";"40.5%";"0%";"0.8%";"1.7%";"5.8%";"16.5%";"87%";"71%";"91%";"80%";"86%";"87%";"83%";"82%";"87%";"69%";"93%";"86%";"No";"No";"No";"Yes";"No";"Yes";0,709;0,647;"25.5%";"15.2%";"63.8%";"22.2%";"32.9%";"44.9%";"0%"
"23";"Green Lake  ";"GreenLakeElementarySchool";3,52;0;330;323;"97.9%";"2%";"-6.9%";"No";"48.3%";"0.9%";"50.8%";"1.2%";"9.6%";"10.8%";"10.8%";"0.6%";"14.9%";"52%";"12.7%";"0%";"1.5%";"29.7%";"0%";"0.3%";"0.9%";"3.1%";"20.1%";"84%";"48%";"88%";"78%";"88%";"89%";"79%";"88%";"86%";"66%";"92%";"78%";"No";"No";"Yes";"Yes";"Yes";"No";0,501;0,414;"18.6%";"5.7%";"39.4%";"0%";"90.3%";"7.5%";"2.2%"
"24";"Greenwood  ";"GreenwoodElementarySchool";2,65;0;330;325;"98.5%";"-1.6%";"-1%";"No";"48.6%";"0.9%";"50.5%";"0.3%";"7.4%";"3.4%";"8%";"0.6%";"8.3%";"72%";"5.8%";"0%";"0.3%";"8.3%";"0%";"0.6%";"0.3%";"3.4%";"15.7%";"83%";"47%";"89%";"77%";"81%";"84%";"69%";"82%";"76%";"56%";"80%";"71%";"No";"No";"No";"No";"No";"No";0,413;0,443;"13.7%";"3.7%";"28.1%";"0%";"100%";"0%";"0%"
"25";"Hawthorne  ";"HawthorneElementarySchool";2,88;0;340;375;"110.3%";"2.3%";"-2.6%";"No";"46.9%";"1.9%";"51.2%";"0%";"8.5%";"11.7%";"14.7%";"0%";"13.1%";"52%";"13.9%";"0%";"4.3%";"25.9%";"0%";"0%";"0.8%";"3.5%";"11.5%";"87%";"55%";"91%";"79%";"89%";"86%";"82%";"90%";"88%";"75%";"92%";"85%";"No";"No";"No";"Yes";"No";"No";0,622;0,679;"24%";"14.7%";"59.7%";"0%";"26.2%";"73.8%";"0%"
"26";"Hazel Wolf K-8";"HazelWolfK8";1,33;0;644;732;"113.7%";"0.9%";"-0.5%";"No";"48.4%";"1.1%";"50.5%";"0%";"13.8%";"12.3%";"6.8%";"0.4%";"13.9%";"52.7%";"12.2%";"0%";"0.4%";"21.6%";"0%";"0.8%";"0.4%";"6.3%";"13.5%";"84%";"48%";"89%";"76%";"89%";"87%";"80%";"89%";"83%";"64%";"89%";"83%";"No";"No";"No";"Yes";"No";"No";0,679;0,664;"21.4%";"9.9%";"44.6%";"0%";"0%";"0%";"0%"
"27";"Highland Park  ";"HighlandParkElementarySchool";2,17;0;320;285;"89.1%";"-3.3%";"-2.9%";"Yes";"49.8%";"0.4%";"49.8%";"0.4%";"10.5%";"17.2%";"31.9%";"0.4%";"9.8%";"29.8%";"27.4%";"0%";"5.3%";"50.2%";"0%";"0.4%";"2.1%";"1.4%";"13.7%";"79%";"60%";"83%";"79%";"81%";"74%";"73%";"83%";"77%";"64%";"85%";"69%";"No";"No";"No";"Yes";"No";"No";0,803;0,841;"22.6%";"12.1%";"52%";"0%";"0%";"0%";"100%"
"28";"John Hay  ";"JohnHayElementarySchool";2,64;4;396;268;"67.7%";"-4%";"-13.3%";"No";"44.8%";"0.7%";"54.5%";"0%";"16.4%";"4.5%";"22%";"1.1%";"10.8%";"45.1%";"17.5%";"0%";"2.6%";"29.1%";"0%";"1.5%";"3%";"5.2%";"18.7%";"85%";"58%";"92%";"74%";"90%";"82%";"84%";"88%";"82%";"66%";"90%";"75%";"No";"No";"No";"Yes";"Yes";"No";0,323;0,279;"21.9%";"4%";"39.3%";"4.7%";"67.2%";"28.2%";"0%"
"29";"John Muir  ";"JohnMuirElementarySchool";2,73;2;340;333;"97.9%";"-2.5%";"-0.4%";"Yes";"47.7%";"0.6%";"51.7%";"0%";"9.9%";"42%";"15.6%";"0%";"9.3%";"23.1%";"32.4%";"0%";"5.7%";"54.1%";"0%";"0%";"2.4%";"2.7%";"14.1%";"86%";"61%";"88%";"78%";"87%";"82%";"79%";"85%";"87%";"67%";"88%";"86%";"No";"No";"No";"Yes";"No";"No";0,676;0,718;"20.1%";"11.8%";"57.3%";"19.9%";"46.2%";"33.9%";"0%"
"30";"John Rogers  ";"JohnRogersElementarySchool";NA;0;264;188;"71.2%";"-2.2%";"-8.2%";"Yes";"51.6%";"0.5%";"47.9%";"1.1%";"7.4%";"19.1%";"14.9%";"1.1%";"12.8%";"43.6%";"31.4%";"0%";"14.4%";"43.6%";"0%";"0.5%";"1.1%";"2.1%";"19.7%";"81%";"55%";"93%";"79%";"83%";"85%";"76%";"82%";"84%";"68%";"91%";"80%";"No";"No";"No";"Yes";"No";"No";0,493;0,574;"18.8%";"7.7%";"39.2%";"0%";"0%";"0%";"0%"
"31";"
John Stanford International ";"JohnStanfordInternationalSchool";NA;0;418;417;"99.8%";"-0.2%";"-2.7%";"No";"54%";"0%";"46%";"0%";"9.8%";"1%";"25.2%";"0%";"20.9%";"43.2%";"11.8%";"0%";"0.2%";"8.4%";"0%";"0.7%";"0.2%";"5%";"7.9%";"89%";"55%";"95%";"85%";"90%";"90%";"81%";"92%";"88%";"70%";"92%";"79%";NA;NA;NA;NA;NA;NA;0,543;0,412;"20.3%";"6.4%";"44.6%";"0%";"89.6%";"3.4%";"7%"
"32";"Kimball  ";"KimballElementarySchool";NA;0;360;415;"115.3%";"-1.3%";"-1.5%";"Yes";"48.7%";"1.4%";"49.9%";"0.2%";"18.3%";"25.5%";"18.3%";"0.2%";"11.8%";"25.5%";"25.3%";"0%";"4.1%";"44.6%";"0%";"1%";"0.2%";"2.2%";"21.9%";"87%";"61%";"87%";"79%";"86%";"84%";"80%";"92%";"87%";"70%";"88%";"82%";"No";"No";"No";"Yes";"Yes";"No";0,69;0,546;"29.4%";"18%";"61.3%";"0%";"37.9%";"55.1%";"7%"
"33";"Lafayette  ";"LafayetteElementarySchool";3,09;6;418;505;"120.8%";"-1.6%";"3.8%";"No";"49.5%";"1.2%";"49.3%";"0.2%";"5.5%";"4.4%";"11.7%";"0.2%";"18%";"60%";"6.1%";"0%";"1.8%";"15%";"0%";"1.8%";"0.4%";"3.4%";"14.1%";"90%";"64%";"93%";"82%";"91%";"87%";"77%";"92%";"92%";"68%";"94%";"83%";"No";"No";"No";"Yes";"Yes";"No";0,51;0,474;"11.9%";"3.5%";"30.3%";"6.7%";"51.6%";"6.6%";"35.1%"
"34";"Laurelhurst  ";"LaurelhurstElementarySchool";3,22;4;286;275;"96.2%";"-4.3%";"-4.2%";"No";"46.5%";"1.1%";"52.4%";"0.7%";"11.3%";"11.3%";"9.8%";"0%";"15.3%";"51.6%";"16.7%";"0%";"2.9%";"34.2%";"0%";"1.5%";"2.5%";"2.2%";"20.7%";"84%";"47%";"89%";"70%";"84%";"83%";"74%";"86%";"78%";"67%";"85%";"74%";"No";"No";"No";"Yes";"No";"No";0,495;0,39;"18.3%";"5.9%";"40.5%";"39.7%";"49.1%";"11.2%";"0%"
"35";"Lawton  ";"LawtonElementarySchool";2,88;0;396;325;"82.1%";"-2.2%";"-6.6%";"No";"52.6%";"0%";"47.4%";"0%";"7.4%";"0.9%";"7.7%";"0.3%";"16%";"67.7%";"6.2%";"0%";"0.3%";"8%";"0%";"0.6%";"0%";"4.6%";"11.7%";"85%";"47%";"94%";"73%";"90%";"90%";"76%";"88%";"84%";"69%";"91%";"84%";"No";"No";"No";"Yes";"No";"No";0,291;0,354;"12.5%";"1.9%";"25.9%";"0%";"22.6%";"64.5%";"12.8%"
"36";"Leschi  ";"LeschiElementarySchool";2,94;0;340;295;"86.8%";"-1.6%";"-5.8%";"Yes";"47.8%";"1%";"51.2%";"0.3%";"5.1%";"32.9%";"11.9%";"0.3%";"12.9%";"36.6%";"12.5%";"0%";"8.5%";"46.4%";"0%";"0%";"2.7%";"4.1%";"20.3%";"86%";"68%";"86%";"81%";"84%";"90%";"85%";"89%";"85%";"73%";"91%";"81%";"No";"No";"No";"Yes";"No";"Yes";0,534;0,63;"19.1%";"7.3%";"44.7%";"0%";"55.9%";"15%";"29.1%"
"37";"Licton Springs K-8";"LictonSpringsK8";NA;0;375;119;"31.7%";"-2.7%";"-9.1%";"Yes";"40.3%";"2.5%";"57.1%";"3.4%";"4.2%";"7.6%";"14.3%";"0%";"26.1%";"44.5%";"10.9%";"0%";"0%";"36.1%";"0%";"0.8%";"1.7%";"2.5%";"39.5%";"76%";"40%";"76%";"70%";"79%";"79%";"73%";"82%";"70%";"70%";"74%";"71%";"No";"No";"No";"Yes";"No";"No";0,408;0,425;"13.2%";"3.7%";"28.2%";"3%";"82.2%";"14.8%";"0%"
"38";"Louisa Boren STEM K-8";"LouisaBorenSTEMK8";3,08;0;555;458;"82.5%";"4.4%";"-4.1%";"No";"44.5%";"0.4%";"55%";"0.7%";"6.3%";"19.7%";"12%";"0%";"14.6%";"46.7%";"9.2%";"0%";"0.4%";"33.2%";"0%";"0.7%";"1.5%";"2.6%";"17.7%";"76%";"47%";"80%";"73%";"82%";"81%";"68%";"86%";"69%";"66%";"81%";"69%";"No";"No";"No";"Yes";"No";"Yes";0,716;0,696;"18.4%";"8.4%";"44.8%";"0%";"2.3%";"28.8%";"68.9%"
"39";"Lowell  ";"LowellElementarySchool";3,53;0;352;389;"110.5%";"-0.4%";"3.9%";"Yes";"50.1%";"0.5%";"49.4%";"0.8%";"12.9%";"36.2%";"19%";"3.9%";"11.3%";"15.9%";"31.4%";"0%";"22.1%";"73.3%";"0%";"0.3%";"10.8%";"0.5%";"19.5%";"77%";"73%";"83%";"79%";"84%";"74%";"77%";"85%";"84%";"76%";"85%";"75%";"No";"No";"Yes";"No";"Yes";"Yes";0,482;0,415;"24.9%";"6.1%";"45.8%";"0%";"27.1%";"40.2%";"32.7%"
"40";"Loyal Heights  ";"LoyalHeightsElementarySchool";1,17;0;572;534;"93.4%";"1.8%";"3.1%";"No";"48.1%";"0.9%";"50.9%";"0.2%";"5.4%";"0.7%";"8.1%";"0%";"12.4%";"73.2%";"3%";"0%";"0.7%";"9.7%";"0%";"0.9%";"0.6%";"3.2%";"13.7%";"86%";"60%";"95%";"79%";"88%";"89%";"73%";"89%";"85%";"61%";"89%";"79%";"No";"No";"No";"Yes";"Yes";"No";0,365;0,445;"11.7%";"2.6%";"25.7%";"10.1%";"89.9%";"0%";"0%"
"41";"Madrona K-5 ";"MadronaK5School";2,53;0;380;218;"57.4%";"-3.2%";"-3.9%";"Yes";"45%";"0.5%";"54.6%";"0.5%";"4.6%";"27.5%";"12.8%";"0.5%";"17%";"37.2%";"11.5%";"0%";"9.6%";"40.8%";"0%";"0%";"1.8%";"2.3%";"9.6%";"77%";"71%";"79%";"80%";"83%";"83%";"79%";"87%";"78%";"61%";"84%";"83%";"No";"No";"No";"No";"No";"No";0,521;0,554;"14.6%";"3.8%";"40.7%";"2.7%";"27.1%";"7.9%";"62.3%"
"42";"Magnolia  ";"MagnoliaElementarySchool";1,74;0;460;338;"73.5%";"5.3%";"5.3%";"No";"50.9%";"0.3%";"48.8%";"0%";"10.9%";"2.1%";"10.7%";"0.6%";"12.7%";"63%";"6.2%";"0%";"1.5%";"14.8%";"0%";"0.3%";"1.8%";"2.7%";"20.1%";"85%";"58%";"87%";"76%";"89%";"86%";"81%";"95%";"83%";"69%";"94%";"87%";"No";"No";"No";"Yes";"No";"No";0,321;0,363;"16.9%";"2.2%";"29.2%";"0.6%";"39%";"60.4%";"0%"
"43";"Maple  ";"MapleElementarySchool";3,34;4;380;408;"107.4%";"-0.4%";"-5.9%";"Yes";"49%";"0%";"51%";"1%";"48.8%";"4.2%";"17.2%";"0.5%";"9.6%";"18.9%";"38%";"0%";"1%";"57.1%";"0%";"0%";"1.5%";"2.9%";"13%";"87%";"68%";"89%";"85%";"89%";"82%";"76%";"89%";"88%";"70%";"89%";"79%";"No";"No";"No";"Yes";"Yes";"No";0,792;0,599;"33.2%";"21.9%";"68.9%";"0%";"13.9%";"0%";"86.1%"
"44";"Martin Luther King Jr.  ";"MartinLutherKingJrElementarySchool";2,22;1;320;281;"87.8%";"-3%";"-3.2%";"Yes";"51.6%";"0%";"48.4%";"1.8%";"18.9%";"52%";"14.2%";"0.7%";"7.5%";"5%";"38.4%";"0%";"10.3%";"70.5%";"0%";"1.1%";"2.8%";"3.6%";"15.7%";"88%";"86%";"90%";"83%";"90%";"80%";"88%";"91%";"93%";"75%";"93%";"84%";"No";"No";"No";"Yes";"No";"Yes";NA;NA;"0%";"0%";"0%";"0%";"0%";"0%";"0%"
"45";"McDonald International ";"McDonaldInternationalSchool";2,53;5;374;475;"127%";"4.1%";"-0.7%";"No";"54.1%";"0.6%";"45.3%";"0.2%";"8.2%";"0%";"24.4%";"0.2%";"20.8%";"46.1%";"16%";"0%";"0%";"6.3%";"0%";"1.1%";"0%";"4.6%";"8.8%";"89%";"65%";"92%";"83%";"90%";"88%";"83%";"89%";"85%";"73%";"91%";"82%";NA;NA;NA;NA;NA;NA;0,493;0,417;"19%";"5.4%";"35.8%";"0%";"96.9%";"3.1%";"0%"
"46";"McGilvra  ";"McGilvraElementarySchool";3,25;0;264;216;"81.8%";"-2.8%";"-2.5%";"No";"49.5%";"0%";"50.5%";"0%";"9.7%";"4.6%";"8.3%";"0.9%";"12.5%";"63.9%";"3.2%";"0%";"0.9%";"9.7%";"0%";"1.4%";"0.5%";"3.2%";"16.7%";"88%";"55%";"96%";"82%";"94%";"92%";"77%";"91%";"90%";"67%";"92%";"85%";"No";"No";"No";"No";"No";"No";0,214;0,359;"12.1%";"2.4%";"27.3%";"42.9%";"34.4%";"9.1%";"13.6%"
"47";"Montlake  ";"MontlakeElementarySchool";NA;0;154;168;"109.1%";"-2.3%";"-8.7%";"No";"51.2%";"0.6%";"48.2%";"0%";"10.7%";"4.8%";"6.5%";"0%";"17.3%";"60.7%";"1.8%";"0%";"1.2%";"8.3%";"0%";"0%";"0%";"3%";"13.1%";"80%";"55%";"92%";"76%";"86%";"88%";"70%";"89%";"80%";"56%";"89%";"84%";"No";"No";"No";"Yes";"No";"No";0,155;0,225;"12.8%";"1.8%";"24.4%";"31.6%";"68.3%";"0%";"0.1%"
"48";"North Beach  ";"NorthBeachElementarySchool";3,77;0;220;367;"166.8%";"1.4%";"-2.3%";"No";"48.2%";"0.3%";"51.5%";"0%";"5.2%";"4.4%";"8.2%";"0%";"11.7%";"70.6%";"4.4%";"0%";"0.5%";"11.4%";"0%";"1.1%";"0.8%";"1.1%";"19.1%";"82%";"56%";"88%";"79%";"86%";"86%";"74%";"84%";"83%";"52%";"86%";"78%";"No";"No";"No";"Yes";"Yes";"No";0,333;0,441;"12.5%";"2.8%";"24.4%";"0%";"0%";"0%";"0%"
"49";"James Baldwin  ";"JamesBaldwinElementarySchool";NA;0;220;233;"105.9%";"-1.2%";"-2.1%";"Yes";"45.9%";"0%";"54.1%";"1.3%";"9%";"18%";"30.9%";"0.9%";"9.4%";"30.5%";"28.8%";"0%";"1.3%";"55.8%";"0%";"1.3%";"2.1%";"2.6%";"17.2%";"85%";"64%";"92%";"77%";"90%";"84%";"87%";"89%";"89%";"76%";"92%";"81%";"Yes";"No";"No";"Yes";"No";"No";0,735;0,716;"19.7%";"11.6%";"45.4%";"0%";"0%";"0%";"0%"
"50";"Olympic Hills  ";"OlympicHillsElementarySchool";1,11;0;520;486;"93.5%";"5.9%";"-0.2%";"Yes";"47.7%";"0.8%";"51.4%";"0.2%";"6.8%";"21.4%";"25.9%";"0.2%";"9.3%";"36.2%";"24.1%";"0%";"6.6%";"51.6%";"0%";"0%";"2.9%";"3.3%";"19.3%";"85%";"65%";"90%";"81%";"91%";"82%";"85%";"90%";"86%";"72%";"90%";"80%";"No";"No";"No";"Yes";"Yes";"No";0,731;0,682;"22.9%";"10.2%";"46.7%";"0%";"0%";"0%";"0%"
"51";"Olympic View  ";"OlympicViewElementarySchool";2,77;0;396;357;"90.2%";"-2.2%";"-4.8%";"Yes";"50.1%";"1.4%";"48.5%";"1.7%";"8.4%";"13.2%";"19.6%";"0%";"7.8%";"49.3%";"22.4%";"0%";"1.7%";"35.9%";"0%";"0.6%";"1.4%";"3.4%";"17.4%";"84%";"61%";"90%";"72%";"89%";"87%";"79%";"86%";"87%";"69%";"88%";"82%";"No";"No";"No";"No";"Yes";"No";0,551;0,559;"18%";"7.3%";"38.9%";"0%";"100%";"0%";"0%"
"52";"Orca K-8 ";"OrcaK8School";NA;0;447;357;"79.9%";"-2.1%";"-1.4%";"Yes";"48.5%";"1.4%";"50.1%";"0%";"6.4%";"32.8%";"13.2%";"0.8%";"11.8%";"35%";"17.4%";"0%";"5%";"44%";"0%";"0.6%";"2.8%";"3.4%";"12.6%";"84%";"69%";"90%";"83%";"86%";"86%";"82%";"87%";"85%";"61%";"91%";"80%";"No";"No";"No";"Yes";"No";"No";0,624;0,679;"21.3%";"12.6%";"59.6%";"14%";"29.6%";"56.4%";"0%"
"53";"Pathfinder K-8 ";"PathfinderK8School";2,56;1;459;450;"98%";"-0.5%";"-1.9%";"No";"51.8%";"1.3%";"46.9%";"0%";"4.4%";"4.7%";"13.6%";"0.4%";"12.7%";"64.2%";"2.9%";"0%";"0.7%";"14.9%";"0%";"0.2%";"1.3%";"6%";"23.8%";"86%";"37%";"85%";"74%";"85%";"83%";"72%";"83%";"77%";"59%";"90%";"79%";"No";"No";"No";"Yes";"No";"Yes";0,732;0,641;"18.9%";"7.6%";"44.6%";"0%";"7.3%";"16%";"76.7%"
"54";"Queen Anne ";"QueenAnneElementary";1,87;0;500;215;"43%";"-0.1%";"-2.6%";"No";"49.3%";"0.5%";"50.2%";"0.5%";"10.2%";"3.7%";"12.6%";"0%";"12.1%";"60.9%";"7%";"0%";"0%";"16.3%";"0%";"0%";"1.9%";"7.4%";"22.3%";"86%";"59%";"91%";"82%";"89%";"87%";"92%";"91%";"82%";"79%";"90%";"85%";"No";"No";"No";"No";"No";"No";0,322;0,29;"20.6%";"3.9%";"37.6%";"3.5%";"66.4%";"30.1%";"0%"
"55";"Rainier View  ";"RainierViewElementarySchool";3,06;6;200;200;"100%";"2.1%";"-3%";"Yes";"50.5%";"0%";"49.5%";"1%";"32%";"29.5%";"17%";"1%";"10.5%";"9%";"33.5%";"0%";"3%";"53.5%";"0%";"0.5%";"4.5%";"3%";"4.5%";"74%";"71%";"77%";"75%";"82%";"78%";"67%";"81%";"70%";"64%";"82%";"68%";"No";"No";"No";"No";"No";"Yes";0,833;0,785;"32.7%";"19.6%";"76.6%";"0%";"0%";"100%";"0%"
"56";"Rising Star  ";"RisingStarElementarySchool";2,31;0;460;327;"71.1%";"-3.9%";"-6.7%";"Yes";"49.5%";"0%";"50.5%";"0%";"33.6%";"31.2%";"15%";"0.9%";"8.3%";"11%";"42.5%";"0%";"8%";"63.6%";"0%";"0.3%";"2.1%";"1.8%";"21.7%";"83%";"73%";"85%";"78%";"86%";"79%";"75%";"77%";"85%";"79%";"86%";"78%";"No";"No";"No";"Yes";"Yes";"No";0,843;0,679;"38.6%";"26.4%";"75.4%";"0%";"0%";"86.7%";"13.3%"
"57";"Roxhill  ";"RoxhillElementarySchool";2,09;9;260;272;"104.6%";"-2.9%";"-2.7%";"Yes";"53.7%";"0.4%";"46%";"0.4%";"5.1%";"32.4%";"26.5%";"1.5%";"9.6%";"24.6%";"23.5%";"0%";"4.8%";"68%";"0%";"0%";"4%";"1.8%";"15.4%";"80%";"56%";"83%";"80%";"86%";"76%";"79%";"85%";"81%";"72%";"88%";"70%";"No";"No";"No";"No";"No";"Yes";0,727;0,782;"19%";"10.2%";"48.1%";"0%";"0%";"14.1%";"85.9%"
"58";"Sacajawea  ";"SacajaweaElementarySchool";3,91;5;220;229;"104.1%";"-1.6%";"-2.4%";"No";"46.7%";"0%";"53.3%";"0.4%";"9.6%";"12.2%";"13.5%";"0%";"14.4%";"49.8%";"10%";"0%";"3.5%";"33.2%";"0%";"0%";"0.9%";"2.2%";"38%";"86%";"55%";"89%";"78%";"89%";"76%";"75%";"90%";"80%";"64%";"89%";"83%";"No";"No";"No";"Yes";"No";"Yes";0,531;0,54;"18.5%";"7.1%";"38.1%";"0%";"100%";"0%";"0%"
"59";"Salmon Bay K-8 ";"SalmonBayK8School";3,61;0;684;635;"92.8%";"-0.3%";"-0.8%";"No";"44.4%";"3.3%";"52.3%";"0.3%";"6%";"2.4%";"5.5%";"0%";"13.7%";"72.1%";"2%";"0%";"0%";"10.1%";"0%";"0.5%";"0.8%";"5.5%";"19.7%";"80%";"45%";"88%";"72%";"83%";"82%";"68%";"80%";"75%";"55%";"81%";"68%";"No";"No";"No";"Yes";"No";"No";0,306;0,333;"13.1%";"2.6%";"24.7%";"0%";"60.8%";"39.2%";"0%"
"60";"Sand Point ";"SandPointElementary";3,23;0;220;213;"96.8%";"-0.7%";"-0.9%";"Yes";"51.2%";"0.5%";"48.4%";"1.9%";"8%";"21.6%";"15%";"3.8%";"12.2%";"37.6%";"17.4%";"0%";"5.6%";"53.5%";"0%";"0.9%";"3.3%";"3.3%";"21.6%";"76%";"68%";"72%";"77%";"74%";"75%";"71%";"81%";"69%";"66%";"83%";"79%";"No";"No";"No";"Yes";"No";"No";0,161;0,296;"12.5%";"3.5%";"29%";"23.3%";"22.1%";"54.6%";"0%"
"61";"Sanislo  ";"SanisloElementarySchool";3,48;3;180;171;"95%";"-4.8%";"-5.5%";"Yes";"48%";"1.8%";"50.3%";"0%";"13.5%";"23.4%";"23.4%";"0%";"17.5%";"22.2%";"33.9%";"0%";"7%";"67.3%";"0%";"1.2%";"1.2%";"2.3%";"15.8%";"85%";"57%";"90%";"78%";"86%";"69%";"79%";"86%";"88%";"64%";"89%";"69%";"No";"No";"No";"No";"Yes";"No";0,82;0,802;"21.2%";"11%";"53.3%";"0%";"0%";"13.5%";"86.5%"
"62";"South Shore PK-8 ";"SouthShorePK8School";2,1;0;699;570;"81.5%";"-1.4%";"0%";"Yes";"45.8%";"0%";"54.2%";"0.2%";"14.9%";"46.7%";"10.4%";"0.7%";"9.3%";"17.9%";"21.9%";"0%";"6.3%";"63.2%";"0.2%";"0.2%";"0.5%";"1.8%";"18.6%";"85%";"61%";"88%";"83%";"84%";"80%";"75%";"89%";"87%";"69%";"89%";"83%";"No";"No";"No";"Yes";"No";"No";0,855;0,766;"36.6%";"24.1%";"79%";"0%";"10.7%";"89.3%";"0%"
"63";"Stevens  ";"StevensElementarySchool";2,51;0;264;152;"57.6%";"-8%";"-9.2%";"No";"46.1%";"0.7%";"53.3%";"0%";"5.3%";"6.6%";"15.8%";"0%";"18.4%";"53.9%";"8.6%";"0%";"3.9%";"31.6%";"0%";"0%";"2%";"3.3%";"22.4%";"84%";"49%";"80%";"65%";"84%";"87%";"71%";"87%";"80%";"54%";"86%";"64%";"No";"No";"No";"Yes";"No";"No";0,386;0,417;"13.4%";"2.2%";"33.2%";"10.1%";"40.9%";"37.3%";"11.6%"
"64";"Thornton Creek  ";"ThorntonCreekElementarySchool";1,72;0;572;455;"79.5%";"3.2%";"-5.9%";"No";"46.6%";"0.4%";"53%";"0.2%";"10.8%";"6.4%";"8.8%";"0%";"13%";"60.9%";"7.9%";"0%";"1.5%";"15.2%";"0%";"0.2%";"0.7%";"3.5%";"20.7%";"87%";"47%";"94%";"76%";"91%";"91%";"84%";"92%";"87%";"72%";"92%";"82%";"No";"No";"No";"Yes";"No";"Yes";0,235;0,35;"12.6%";"3.7%";"30.5%";"0%";"76.7%";"23.3%";"0%"
"65";"Thurgood Marshall ";"ThurgoodMarshallElementary";2,84;3;396;469;"118.4%";"0.3%";"-1.7%";"Yes";"46.1%";"0.6%";"53.3%";"0%";"16.6%";"22.6%";"13.9%";"0.2%";"16.8%";"29.9%";"15.1%";"0%";"3%";"39.9%";"0%";"0.6%";"1.9%";"4.7%";"19.8%";"85%";"56%";"88%";"75%";"86%";"86%";"79%";"87%";"83%";"65%";"87%";"81%";"No";"Yes";"No";"No";"Yes";"Yes";0,66;0,665;"23.8%";"11.4%";"53.2%";"0%";"12.2%";"18.3%";"69.4%"
"66";"Tops K-8 ";"TopsK8School";2,89;0;437;473;"108.2%";"-0.6%";"-0.6%";"No";"49.9%";"0.8%";"49.3%";"0.2%";"17.3%";"10.8%";"8.5%";"0%";"19.5%";"43.8%";"9.7%";"0%";"1.5%";"27.7%";"0%";"0.2%";"0%";"8%";"17.1%";"79%";"53%";"86%";"75%";"82%";"84%";"74%";"80%";"76%";"63%";"80%";"71%";"No";"No";"No";"No";"No";"No";0,206;0,223;"15%";"2.5%";"28.7%";"0%";"94.7%";"0%";"5.3%"
"67";"View Ridge  ";"ViewRidgeElementarySchool";3,79;0;396;283;"71.5%";"-5.1%";"-12.1%";"No";"47%";"0.4%";"52.7%";"0%";"13.1%";"3.5%";"5.7%";"0.4%";"15.9%";"61.5%";"3.5%";"0%";"0.4%";"11.3%";"0%";"0%";"0.7%";"6.4%";"14.8%";"84%";"57%";"90%";"76%";"87%";"89%";"81%";"87%";"81%";"61%";"87%";"80%";"No";"No";"No";"No";"Yes";"No";0,242;0,354;"13.7%";"4.4%";"32.1%";"0%";"28%";"72%";"0%"
"68";"Viewlands  ";"ViewlandsElementarySchool";NA;0;200;267;"133.5%";"-0.5%";"-8.1%";"Yes";"48.7%";"0.4%";"50.9%";"1.1%";"6.7%";"12%";"20.6%";"1.1%";"11.2%";"47.2%";"18.7%";"0%";"5.6%";"33.7%";"0%";"0.4%";"2.6%";"4.5%";"14.2%";"82%";"59%";"90%";"78%";"89%";"85%";"78%";"87%";"86%";"63%";"91%";"81%";"No";"No";"No";"No";"No";"Yes";0,626;0,625;"17.3%";"7.7%";"38.9%";"0%";"0%";"0%";"0%"
"69";"Wedgwood  ";"WedgwoodElementarySchool";3,7;6;330;355;"107.6%";"-1.3%";"-6.4%";"No";"50.7%";"0.6%";"48.7%";"0.8%";"12.1%";"2%";"9%";"0%";"19.2%";"56.9%";"9.6%";"0%";"1.4%";"10.4%";"0%";"1.1%";"0.6%";"3.9%";"8.5%";"87%";"56%";"94%";"80%";"93%";"90%";"77%";"88%";"87%";"61%";"91%";"83%";"No";"No";"No";"No";"No";"No";0,302;0,404;"14.6%";"4.7%";"31%";"0%";"100%";"0%";"0%"
"70";"West Seattle  ";"WestSeattleElementarySchool";3,02;0;320;389;"121.6%";"-0.9%";"-3.8%";"Yes";"47.3%";"0%";"52.7%";"0.3%";"5.7%";"65.8%";"8.2%";"1.5%";"6.2%";"12.3%";"26.5%";"0%";"4.1%";"77.4%";"0%";"0%";"10.8%";"3.3%";"19.3%";"83%";"70%";"88%";"77%";"87%";"80%";"85%";"84%";"88%";"75%";"88%";"80%";"No";"No";"No";"Yes";"Yes";"No";0,688;0,699;"17.7%";"8.4%";"46%";"0%";"8.2%";"10.1%";"81.6%"
"71";"West Woodland  ";"WestWoodlandElementarySchool";NA;0;396;380;"96%";"-0.6%";"-7.4%";"No";"46.6%";"0.5%";"52.9%";"0%";"5%";"1.6%";"6.6%";"0.3%";"16.8%";"69.7%";"2.1%";"0%";"0.5%";"6.6%";"0%";"0%";"1.3%";"3.7%";"18.7%";"88%";"53%";"92%";"75%";"88%";"89%";"81%";"89%";"85%";"65%";"90%";"86%";"No";"No";"No";"Yes";"No";"No";0,311;0,311;"12.3%";"2.6%";"25.6%";"0%";"58.6%";"41.4%";"0%"
"72";"Whittier  ";"WhittierElementarySchool";3,42;0;440;342;"77.7%";"-1.9%";"-5.8%";"No";"50.6%";"0%";"49.4%";"0.3%";"5%";"1.5%";"7%";"0.3%";"13.5%";"72.5%";"3.5%";"0%";"0.6%";"7.3%";"0%";"0.3%";"0.3%";"4.4%";"18.4%";"89%";"58%";"95%";"78%";"90%";"87%";"80%";"91%";"93%";"62%";"96%";"88%";"No";"No";"No";"Yes";"Yes";"No";0,327;0,39;"14%";"2.7%";"25.5%";"0%";"99.9%";"0.1%";"0%"
"73";"Wing Luke  ";"WingLukeElementarySchool";NA;0;500;315;"63%";"-1.1%";"-0.3%";"Yes";"53.3%";"0%";"46.7%";"1%";"23.2%";"51.7%";"7.6%";"0.6%";"6.7%";"9.2%";"28.6%";"0%";"12.4%";"73%";"0%";"0.6%";"2.2%";"1.6%";"15.9%";"83%";"63%";"89%";"78%";"87%";"79%";"80%";"88%";"84%";"64%";"87%";"81%";"No";"No";"No";"Yes";"No";"Yes";0,939;0,797;"46.5%";"33%";"86%";"0%";"0%";"100%";"0%"
